Ticker symbol,Security,GICS Sector,GICS Sub Industry,Address of Headquarters,Date first added,CIK
MMM,3M Company,Industrials,Industrial Conglomerates,"St. Paul, Minnesota",,66740
ABT,Abbott Laboratories,Health Care,Health Care Equipment,"North Chicago, Illinois",31/3/64,1800
ABBV,AbbVie,Health Care,Pharmaceuticals,"North Chicago, Illinois",31/12/12,1551152
ACN,Accenture plc,Information Technology,IT Consulting & Other Services,"Dublin, Ireland",6/7/11,1467373
ATVI,Activision Blizzard,Information Technology,Home Entertainment Software,"Santa Monica, California",31/8/15,718877
AYI,Acuity Brands Inc,Industrials,Electrical Components & Equipment,"Atlanta, Georgia",3/5/16,1144215
ADBE,Adobe Systems Inc,Information Technology,Application Software,"San Jose, California",5/5/97,796343
AMD,Advanced Micro Devices Inc,Information Technology,Semiconductors,"Sunnyvale, California",20/3/17,2488
AAP,Advance Auto Parts,Consumer Discretionary,Automotive Retail,"Roanoke, Virginia",9/7/15,1158449
AES,AES Corp,Utilities,Independent Power Producers & Energy Traders,"Arlington, Virginia",,874761
AET,Aetna Inc,Health Care,Managed Health Care,"Hartford, Connecticut",30/6/76,1122304
AMG,Affiliated Managers Group Inc,Financials,Asset Management & Custody Banks,"Beverly, Massachusetts",1/7/14,1004434
AFL,AFLAC Inc,Financials,Life & Health Insurance,"Columbus, Georgia",,4977
A,Agilent Technologies Inc,Health Care,Health Care Equipment,"Santa Clara, California",5/6/00,1090872
APD,Air Products & Chemicals Inc,Materials,Industrial Gases,"Allentown, Pennsylvania",30/4/85,2969
AKAM,Akamai Technologies Inc,Information Technology,Internet Software & Services,"Cambridge, Massachusetts",12/7/07,1086222
ALK,Alaska Air Group Inc,Industrials,Airlines,"Seattle, Washington",13/5/16,766421
ALB,Albemarle Corp,Materials,Specialty Chemicals,"Baton Rouge, Louisiana",1/7/16,915913
ARE,Alexandria Real Estate Equities Inc,Real Estate,Office REITs,"Pasadena, California",20/3/17,1035443
AGN,"Allergan, Plc",Health Care,Pharmaceuticals,"Dublin, Ireland",,884629
LNT,Alliant Energy Corp,Utilities,Electric Utilities,"Madison, Wisconsin",1/7/16,352541
ALXN,Alexion Pharmaceuticals,Health Care,Biotechnology,"Cheshire, Connecticut",25/5/12,899866
ALLE,Allegion,Industrials,Building Products,"Dublin, Ireland",2/12/13,1579241
ADS,Alliance Data Systems,Information Technology,Data Processing & Outsourced Services,"Plano, Texas",23/12/13,1101215
ALL,Allstate Corp,Financials,Property & Casualty Insurance,"Northfield Township, Illinois",,899051
GOOGL,Alphabet Inc Class A,Information Technology,Internet Software & Services,"Mountain View, California",3/4/14,1652044
GOOG,Alphabet Inc Class C,Information Technology,Internet Software & Services,"Mountain View, California",,1652044
MO,Altria Group Inc,Consumer Staples,Tobacco,"Richmond, Virginia",,764180
AMZN,Amazon.com Inc,Consumer Discretionary,Internet & Direct Marketing Retail,"Seattle, Washington",18/11/05,1018724
AEE,Ameren Corp,Utilities,Multi-Utilities,"St. Louis, Missouri",19/9/91,1002910
AAL,American Airlines Group,Industrials,Airlines,"Fort Worth, Texas",23/3/15,6201
AEP,American Electric Power,Utilities,Electric Utilities,"Columbus, Ohio",,4904
AXP,American Express Co,Financials,Consumer Finance,"New York, New York",30/6/76,4962
AIG,"American International Group, Inc.",Financials,Property & Casualty Insurance,"New York, New York",31/3/80,5272
AMT,American Tower Corp A,Real Estate,Specialized REITs,"Boston, Massachusetts",19/11/07,1053507
AWK,American Water Works Company Inc,Utilities,Water Utilities,"Voorhees, New Jersey",4/3/16,1410636
AMP,Ameriprise Financial,Financials,Asset Management & Custody Banks,"Minneapolis, Minnesota",3/10/05,820027
ABC,AmerisourceBergen Corp,Health Care,Health Care Distributors,"Chesterbrook, Pennsylvania",30/8/01,1140859
AME,AMETEK Inc,Industrials,Electrical Components & Equipment,"Berwyn, Pennsylvania",23/9/13,1037868
AMGN,Amgen Inc,Health Care,Biotechnology,"Thousand Oaks, California",2/1/92,318154
APH,Amphenol Corp,Information Technology,Electronic Components,"Wallingford, Connecticut",30/9/08,820313
APC,Anadarko Petroleum Corp,Energy,Oil & Gas Exploration & Production,"The Woodlands, Texas",,773910
ADI,"Analog Devices, Inc.",Information Technology,Semiconductors,"Norwood, Massachusetts",,6281
ANTM,Anthem Inc.,Health Care,Managed Health Care,"Indianapolis, Indiana",,1156039
AON,Aon plc,Financials,Insurance Brokers,"London, United Kingdom",,315293
APA,Apache Corporation,Energy,Oil & Gas Exploration & Production,"Houston, Texas",,6769
AIV,Apartment Investment & Management,Real Estate,Residential REITs,"Denver, Colorado",,922864
AAPL,Apple Inc.,Information Technology,"Technology Hardware, Storage & Peripherals","Cupertino, California",30/11/82,320193
AMAT,Applied Materials Inc,Information Technology,Semiconductor Equipment,"Santa Clara, California",,6951
ADM,Archer-Daniels-Midland Co,Consumer Staples,Agricultural Products,"Decatur, Illinois",29/7/81,7084
ARNC,Arconic Inc,Industrials,Aerospace & Defense,"New York, New York",31/3/64,4281
AJG,Arthur J. Gallagher & Co.,Financials,Insurance Brokers,"Itasca, Illinois",31/5/16,354190
AIZ,Assurant Inc,Financials,Multi-line Insurance,"New York, New York",10/4/07,1267238
T,AT&T Inc,Telecommunication Services,Integrated Telecommunication Services,"Dallas, Texas",30/11/83,732717
ADSK,Autodesk Inc,Information Technology,Application Software,"San Rafael, California",1/12/89,769397
ADP,Automatic Data Processing,Information Technology,Internet Software & Services,"Roseland, New Jersey",31/3/81,8670
AN,AutoNation Inc,Consumer Discretionary,Specialty Stores,"Fort Lauderdale, Florida",,350698
AZO,AutoZone Inc,Consumer Discretionary,Specialty Stores,"Memphis, Tennessee",,866787
AVB,"AvalonBay Communities, Inc.",Real Estate,Residential REITs,"Arlington, Virginia[3]",10/1/07,915912
AVY,Avery Dennison Corp,Materials,Paper Packaging,"Glendale, California",31/12/87,8818
BHI,Baker Hughes Inc,Energy,Oil & Gas Equipment & Services,"Houston, Texas",,808362
BLL,Ball Corp,Materials,Metal & Glass Containers,"Broomfield, Colorado",31/10/84,9389
BAC,Bank of America Corp,Financials,Diversified Banks,"Charlotte, North Carolina",30/6/76,70858
BK,The Bank of New York Mellon Corp.,Financials,Asset Management & Custody Banks,"New York, New York",,1390777
BCR,Bard (C.R.) Inc.,Health Care,Health Care Equipment,"Murray Hill, New Jersey",30/6/75,9892
BAX,Baxter International Inc.,Health Care,Health Care Equipment,"Deerfield, Illinois",30/9/72,10456
BBT,BB&T Corporation,Financials,Regional Banks,"Winston-Salem, North Carolina",,92230
BDX,Becton Dickinson,Health Care,Health Care Equipment,"Franklin Lakes, New Jersey",30/9/72,10795
BBBY,Bed Bath & Beyond,Consumer Discretionary,Specialty Stores,"Union, New Jersey",,886158
BRK-B,Berkshire Hathaway,Financials,Multi-Sector Holdings,"Omaha, Nebraska",16/2/10,1067983
BBY,Best Buy Co. Inc.,Consumer Discretionary,Computer & Electronics Retail,"Richfield, Minnesota",29/6/99,764478
BIIB,BIOGEN IDEC Inc.,Health Care,Biotechnology,"Weston, Massachusetts",,875045
BLK,BlackRock,Financials,Asset Management & Custody Banks,"New York, New York",4/4/11,1364742
HRB,Block H&R,Financials,Consumer Finance,"Kansas City, Missouri",30/11/86,12659
BA,Boeing Company,Industrials,Aerospace & Defense,"Chicago, Illinois",,12927
BWA,BorgWarner,Consumer Discretionary,Auto Parts & Equipment,"Auburn Hills, Michigan",19/12/11,908255
BXP,Boston Properties,Real Estate,Office REITs,"Boston, Massachusetts",3/4/06,1037540
BSX,Boston Scientific,Health Care,Health Care Equipment,"Marlborough, Massachusetts[4]",24/2/95,885725
BMY,Bristol-Myers Squibb,Health Care,Health Care Distributors,"New York, New York",,14272
AVGO,Broadcom,Information Technology,Semiconductors,"San Jose, California",8/5/14,1441634
BF-B,Brown-Forman Corp.,Consumer Staples,Distillers & Vintners,"Louisville, Kentucky",31/10/82,14693
CHRW,C. H. Robinson Worldwide,Industrials,Air Freight & Logistics,"Eden Prairie, Minnesota",2/3/07,1043277
CA,"CA, Inc.",Information Technology,Systems Software,"Islandia, New York",31/7/87,356028
COG,Cabot Oil & Gas,Energy,Oil & Gas Exploration & Production,"Houston, Texas",23/6/08,858470
CPB,Campbell Soup,Consumer Staples,Packaged Foods & Meats,"Camden, New Jersey",,16732
COF,Capital One Financial,Financials,Consumer Finance,"Tysons Corner, Virginia",,927628
CAH,Cardinal Health Inc.,Health Care,Health Care Distributors,"Dublin, Ohio",,721371
CBOE,CBOE Holdings,Financials,Financial Exchanges & Data,"Chicago, Illinois",1/3/17,1374310
KMX,Carmax Inc,Consumer Discretionary,Specialty Stores,"Richmond, Virginia",28/6/10,1170010
CCL,Carnival Corp.,Consumer Discretionary,"Hotels, Resorts & Cruise Lines","Miami, Florida",,815097
CAT,Caterpillar Inc.,Industrials,Construction Machinery & Heavy Trucks,"Peoria, Illinois",,18230
CBG,CBRE Group,Real Estate,Real Estate Services,"Los Angeles, California",10/11/06,1138118
CBS,CBS Corp.,Consumer Discretionary,Broadcasting,"New York, New York",1/9/94,813828
CELG,Celgene Corp.,Health Care,Biotechnology,"Summit, New Jersey",6/11/06,816284
CNC,Centene Corporation,Health Care,Managed Health Care,"St Louis, Missouri",30/3/16,1071739
CNP,CenterPoint Energy,Utilities,Multi-Utilities,"Houston, Texas",31/7/85,1130310
CTL,CenturyLink Inc,Telecommunication Services,Integrated Telecommunication Services,"Monroe, Louisiana",,18926
CERN,Cerner,Health Care,Health Care Technology,"North Kansas City, Missouri",30/4/10,804753
CF,CF Industries Holdings Inc,Materials,Fertilizers & Agricultural Chemicals,"Deerfield, Illinois",27/8/08,1324404
SCHW,Charles Schwab Corporation,Financials,Investment Banking & Brokerage,"San Francisco, California",,316709
CHTR,Charter Communications,Consumer Discretionary,Cable & Satellite,"Stamford, Connecticut",8/9/16,1091667
CHK,Chesapeake Energy,Energy,Oil & Gas Exploration & Production,"Oklahoma City, Oklahoma",,895126
CVX,Chevron Corp.,Energy,Integrated Oil & Gas,"San Ramon, California",,93410
CMG,Chipotle Mexican Grill,Consumer Discretionary,Restaurants,"Denver, Colorado",28/4/11,1058090
CB,Chubb Limited,Financials,Property & Casualty Insurance,"Zurich, Switzerland",15/7/10,896159
CHD,Church & Dwight,Consumer Staples,Household Products,"Ewing, New Jersey",29/12/15,313927
CI,CIGNA Corp.,Health Care,Managed Health Care,"Philadelphia, Pennsylvania",30/6/76,701221
XEC,Cimarex Energy,Energy,Oil & Gas Exploration & Production,"Denver, Colorado",21/6/14,1168054
CINF,Cincinnati Financial,Financials,Property & Casualty Insurance,"Fairfield, Ohio",,20286
CTAS,Cintas Corporation,Industrials,Diversified Support Services,"Mason, Ohio",1/3/01,723254
CSCO,Cisco Systems,Information Technology,Communications Equipment,"San Jose, California",1/12/93,858877
C,Citigroup Inc.,Financials,Diversified Banks,"New York, New York",31/5/88,831001
CFG,Citizens Financial Group,Financials,Regional Banks,"Providence, Rhode Island",29/1/16,759944
CTXS,Citrix Systems,Information Technology,Internet Software & Services,"Fort Lauderdale, Florida",,877890
CLX,The Clorox Company,Consumer Staples,Household Products,"Oakland, California",31/3/69,21076
CME,CME Group Inc.,Financials,Financial Exchanges & Data,"Chicago, Illinois",,1156375
CMS,CMS Energy,Utilities,Multi-Utilities,"Jackson, Michigan",,811156
COH,Coach Inc.,Consumer Discretionary,"Apparel, Accessories & Luxury Goods","New York, New York",,1116132
KO,Coca Cola Company,Consumer Staples,Soft Drinks,"Atlanta, Georgia",,21344
CTSH,Cognizant Technology Solutions,Information Technology,IT Consulting & Other Services,"Teaneck, New Jersey",17/11/06,1058290
CL,Colgate-Palmolive,Consumer Staples,Household Products,"New York, New York",,21665
CMCSA,Comcast Corp.,Consumer Discretionary,Cable & Satellite,"Philadelphia, Pennsylvania",18/9/15,1166691
CMA,Comerica Inc.,Financials,Diversified Banks,"Dallas, Texas",,28412
CAG,ConAgra Foods Inc.,Consumer Staples,Packaged Foods & Meats,"Omaha, Nebraska",31/8/83,23217
CXO,Concho Resources,Energy,Oil & Gas Exploration & Production,"Midland, Texas",22/2/16,1358071
COP,ConocoPhillips,Energy,Oil & Gas Exploration & Production,"Houston, Texas",,1163165
ED,Consolidated Edison,Utilities,Electric Utilities,"New York, New York",,1047862
STZ,Constellation Brands,Consumer Staples,Distillers & Vintners,"Victor, New York",5/7/05,16918
GLW,Corning Inc.,Information Technology,Electronic Components,"Corning, New York",,24741
COST,Costco Co.,Consumer Staples,Hypermarkets & Super Centers,"Issaquah, Washington",1/10/93,909832
COTY,"Coty, Inc",Consumer Staples,Personal Products,"New York, NY",3/10/16,1024305
CCI,Crown Castle International Corp.,Real Estate,Specialized REITs,"Houston, Texas",14/3/12,1051470
CSRA,CSRA Inc.,Information Technology,IT Consulting & Other Services,"Falls Church, Virginia",1/12/15,1646383
CSX,CSX Corp.,Industrials,Railroads,"Jacksonville, Florida",30/9/67,277948
CMI,Cummins Inc.,Industrials,Industrial Machinery,"Columbus, Indiana",31/3/65,26172
CVS,CVS Health,Consumer Staples,Drug Retail,"Woonsocket, Rhode Island",,64803
DHI,D. R. Horton,Consumer Discretionary,Homebuilding,"Fort Worth, Texas",,882184
DHR,Danaher Corp.,Health Care,Health Care Equipment,"Washington, D.C.",,313616
DRI,Darden Restaurants,Consumer Discretionary,Restaurants,"Orlando, Florida",,940944
DVA,DaVita Inc.,Health Care,Health Care Facilities,"Denver, Colorado",31/7/08,927066
DE,Deere & Co.,Industrials,Agricultural & Farm Machinery,"Moline, Illinois",,315189
DLPH,Delphi Automotive,Consumer Discretionary,Auto Parts & Equipment,"Gillingham, Kent, United Kingdom",24/12/12,1521332
DAL,Delta Air Lines,Industrials,Airlines,"Atlanta, Georgia",11/9/13,27904
XRAY,Dentsply Sirona,Health Care,Health Care Supplies,"York, Pennsylvania",14/11/08,818479
DVN,Devon Energy Corp.,Energy,Oil & Gas Exploration & Production,"Oklahoma City, Oklahoma",30/8/00,1090012
DLR,Digital Realty Trust,Real Estate,Specialized REITs,"San Francisco, California",18/5/16,1297996
DFS,Discover Financial Services,Financials,Consumer Finance,"Riverwoods, Illinois",2/7/07,1393612
DISCA,Discovery Communications-A,Consumer Discretionary,Cable & Satellite,"Silver Spring, Maryland",1/3/10,1437107
DISCK,Discovery Communications-C,Consumer Discretionary,Cable & Satellite,"Silver Spring, Maryland",7/8/14,1437107
DISH,Dish Network,Consumer Discretionary,Cable & Satellite,"Meridian, Colorado",13/3/17,1001082
DG,Dollar General,Consumer Discretionary,General Merchandise Stores,"Goodlettsville, Tennessee",3/12/12,29534
DLTR,Dollar Tree,Consumer Discretionary,General Merchandise Stores,"Chesapeake, Virginia",19/12/11,935703
D,Dominion Resources,Utilities,Electric Utilities,"Richmond, Virginia",,715957
DOV,Dover Corp.,Industrials,Industrial Machinery,"Downers Grove, Illinois",31/10/85,29905
DOW,Dow Chemical,Materials,Diversified Chemicals,"Midland, Michigan",,29915
DPS,Dr Pepper Snapple Group,Consumer Staples,Soft Drinks,"Plano, Texas",7/10/08,1418135
DTE,DTE Energy Co.,Utilities,Multi-Utilities,"Detroit, Michigan",,936340
DD,Du Pont (E.I.),Materials,Diversified Chemicals,"Wilmington, Delaware",,30554
DUK,Duke Energy,Utilities,Electric Utilities,"Charlotte, North Carolina",30/6/76,1326160
DNB,Dun & Bradstreet,Industrials,Research & Consulting Services,"Short Hills, New Jersey",2/12/08,1115222
DXC,DXC Technology,,,"Tysons Corner, Virginia",4/4/17,
ETFC,E*Trade,Financials,Investment Banking & Brokerage,"New York, New York",31/3/04,1015780
EMN,Eastman Chemical,Materials,Diversified Chemicals,"Kingsport, Tennessee",1/1/94,915389
ETN,Eaton Corporation,Industrials,Electrical Components & Equipment,"Dublin, Ireland",,1551182
EBAY,eBay Inc.,Information Technology,Internet Software & Services,"San Jose, California",,1065088
ECL,Ecolab Inc.,Materials,Specialty Chemicals,"St. Paul, Minnesota",31/1/89,31462
EIX,Edison Int'l,Utilities,Electric Utilities,"Rosemead, California",,827052
EW,Edwards Lifesciences,Health Care,Health Care Equipment,"Irvine, California",1/4/11,1099800
EA,Electronic Arts,Information Technology,Home Entertainment Software,"Redwood City, California",22/7/02,712515
EMR,Emerson Electric Company,Industrials,Electrical Components & Equipment,"Ferguson, Missouri",31/3/65,32604
ETR,Entergy Corp.,Utilities,Electric Utilities,"New Orleans, Louisiana",,65984
EVHC,Envision Healthcare,Health Care,Health Care Services,"Nashville, Tennessee",2/12/16,895930
EOG,EOG Resources,Energy,Oil & Gas Exploration & Production,"Houston, Texas",2/11/00,821189
EQT,EQT Corporation,Energy,Oil & Gas Exploration & Production,"Pittsburgh, Pennsylvania",19/12/08,33213
EFX,Equifax Inc.,Industrials,Research & Consulting Services,"Atlanta, Georgia",19/6/97,33185
EQIX,Equinix,Real Estate,Specialized REITs,"Redwood City, California",20/3/15,1101239
EQR,Equity Residential,Real Estate,Residential REITs,"Chicago, Illinois",3/12/01,906107
ESS,"Essex Property Trust, Inc.",Real Estate,Residential REITs,"Palo Alto, California",2/4/14,920522
EL,Estee Lauder Cos.,Consumer Staples,Personal Products,"New York, New York",5/1/06,1001250
ES,Eversource Energy,Utilities,Multi-Utilities,"Springfield, Massachusetts",,72741
EXC,Exelon Corp.,Utilities,Multi-Utilities,"Chicago, Illinois",,1109357
EXPE,Expedia Inc.,Consumer Discretionary,Internet & Direct Marketing Retail,"Bellevue, Washington",2/10/07,1324424
EXPD,Expeditors International,Industrials,Air Freight & Logistics,"Seattle, Washington",10/10/07,746515
ESRX,Express Scripts,Health Care,Health Care Distributors,"Cool Valley, Missouri",25/9/03,1532063
EXR,Extra Space Storage,Real Estate,Specialized REITs,"Salt Lake City, Utah",19/1/16,1289490
XOM,Exxon Mobil Corp.,Energy,Integrated Oil & Gas,"Irving, Texas",,34088
FFIV,F5 Networks,Information Technology,Communications Equipment,"Seattle, Washington",20/12/10,1048695
FB,"Facebook, Inc.",Information Technology,Internet Software & Services,"Menlo Park, California",23/12/13,1326801
FAST,Fastenal Co,Industrials,Building Products,"Winona, Minnesota",15/9/09,815556
FRT,Federal Realty Investment Trust,Real Estate,Retail REITs,"Rockville, Maryland",1/2/16,34903
FDX,FedEx Corporation,Industrials,Air Freight & Logistics,"Memphis, Tennessee",31/12/80,1048911
FIS,Fidelity National Information Services,Information Technology,Internet Software & Services,"Jacksonville, Florida",10/11/06,1136893
FITB,Fifth Third Bancorp,Financials,Regional Banks,"Cincinnati, Ohio",,35527
FE,FirstEnergy Corp,Utilities,Electric Utilities,"Akron, Ohio",,1031296
FISV,Fiserv Inc,Information Technology,Internet Software & Services,"Brookfield, Wisconsin",2/4/01,798354
FLIR,FLIR Systems,Information Technology,Electronic Equipment & Instruments,"Wilsonville, Oregon",2/1/09,354908
FLS,Flowserve Corporation,Industrials,Industrial Machinery,"Irving, Texas",2/10/08,30625
FLR,Fluor Corp.,Industrials,Construction & Engineering,"Irving, Texas",31/3/80,1124198
FMC,FMC Corporation,Materials,Fertilizers & Agricultural Chemicals,"Philadelphia, Pennsylvania",19/8/09,37785
FTI,FMC Technologies Inc.,Energy,Oil & Gas Equipment & Services,"Houston, Texas",5/6/09,1135152
FL,Foot Locker Inc,Consumer Discretionary,Apparel Retail,"New York, New York",4/4/16,850209
F,Ford Motor,Consumer Discretionary,Automobile Manufacturers,"Dearborn, Michigan",,37996
FTV,Fortive Corp,Industrials,Industrial Machinery,"Everett, Washington",1/7/16,1659166
FBHS,Fortune Brands Home & Security,Industrials,Building Products,"Deerfield, Illinois",22/6/16,1519751
BEN,Franklin Resources,Financials,Asset Management & Custody Banks,"San Mateo, California",,38777
FCX,Freeport-McMoRan Inc.,Materials,Copper,"Phoenix, Arizona",,831259
GPS,Gap (The),Consumer Discretionary,Apparel Retail,"San Francisco, California",31/8/86,39911
GRMN,Garmin Ltd.,Consumer Discretionary,Consumer Electronics,"Schaffhausen, Switzerland",12/12/12,1121788
GD,General Dynamics,Industrials,Aerospace & Defense,"Falls Church, Virginia",,40533
GE,General Electric,Industrials,Industrial Conglomerates,"Fairfield, Connecticut",,40545
GGP,General Growth Properties Inc.,Real Estate,Retail REITs,"Chicago, Illinois",10/12/13,895648
GIS,General Mills,Consumer Staples,Packaged Foods & Meats,"Golden Valley, Minnesota",31/3/69,40704
GM,General Motors,Consumer Discretionary,Automobile Manufacturers,"Detroit, Michigan",6/6/13,1467858
GPC,Genuine Parts,Consumer Discretionary,Specialty Stores,"Atlanta, Georgia",31/12/73,40987
GILD,Gilead Sciences,Health Care,Biotechnology,"Foster City, California",1/7/04,882095
GPN,Global Payments Inc,Information Technology,Data Processing & Outsourced Services,"Atlanta, Georgia",25/4/16,1123360
GS,Goldman Sachs Group,Financials,Investment Banking & Brokerage,"New York, New York",22/7/02,886982
GT,Goodyear Tire & Rubber,Consumer Discretionary,Tires & Rubber,"Akron, Ohio",,42582
GWW,Grainger (W.W.) Inc.,Industrials,Industrial Machinery,"Lake Forest, Illinois",30/6/81,277135
HAL,Halliburton Co.,Energy,Oil & Gas Equipment & Services,"Houston, Texas",,45012
HBI,Hanesbrands Inc,Consumer Discretionary,"Apparel, Accessories & Luxury Goods","Winston-Salem, North Carolina",20/3/15,1359841
HOG,Harley-Davidson,Consumer Discretionary,Motorcycle Manufacturers,"Milwaukee, Wisconsin",,793952
HRS,Harris Corporation,Information Technology,Communications Equipment,"Melbourne, Florida",22/9/08,202058
HIG,Hartford Financial Svc.Gp.,Financials,Property & Casualty Insurance,"Hartford, Connecticut",,874766
HAS,Hasbro Inc.,Consumer Discretionary,Leisure Products,"Pawtucket, Rhode Island",30/9/84,46080
HCA,HCA Holdings,Health Care,Health Care Facilities,"Nashville, Tennessee",27/1/15,860730
HCP,HCP Inc.,Real Estate,Health Care REITs,"Long Beach, California",31/3/08,765880
HP,Helmerich & Payne,Energy,Oil & Gas Drilling,"Tulsa, Oklahoma[5]",1/3/10,46765
HSIC,Henry Schein,Health Care,Health Care Distributors,"Melville, New York",17/3/15,1000228
HES,Hess Corporation,Energy,Integrated Oil & Gas,"New York, New York",31/5/84,4447
HPE,Hewlett Packard Enterprise,Information Technology,"Technology Hardware, Storage & Peripherals","Palo Alto, California",2/11/15,1645590
HOLX,Hologic,Health Care,Health Care Equipment,"Marlborough, Massachusetts",30/3/16,859737
HD,Home Depot,Consumer Discretionary,Home Improvement Retail,"Atlanta, Georgia",31/3/88,354950
HON,Honeywell Int'l Inc.,Industrials,Industrial Conglomerates,"Morristown, New Jersey",31/3/64,773840
HRL,Hormel Foods Corp.,Consumer Staples,Packaged Foods & Meats,"Austin, Minnesota",4/3/09,48465
HST,Host Hotels & Resorts,Real Estate,Hotel & Resort REITs,"Bethesda, Maryland",20/3/07,1070750
HPQ,HP Inc.,Information Technology,"Technology Hardware, Storage & Peripherals","Palo Alto, California",31/12/74,47217
HUM,Humana Inc.,Health Care,Managed Health Care,"Louisville, Kentucky",,49071
HBAN,Huntington Bancshares,Financials,Regional Banks,"Columbus, Ohio",,49196
IDXX,IDEXX Laboratories,Health Care,Health Care Equipment,"Westbrook, Maine",5/1/17,874716
ITW,Illinois Tool Works,Industrials,Industrial Machinery,"Glenview, Illinois",28/2/86,49826
ILMN,Illumina Inc,Health Care,Life Sciences Tools & Services,"San Diego, California",19/11/15,1110803
IR,Ingersoll-Rand PLC,Industrials,Industrial Machinery,"Dublin, Ireland",17/11/10,1466258
INTC,Intel Corp.,Information Technology,Semiconductors,"Santa Clara, California",31/12/76,50863
ICE,Intercontinental Exchange,Financials,Financial Exchanges & Data,"Atlanta, Georgia",26/9/07,1571949
IBM,International Business Machines,Information Technology,IT Consulting & Other Services,"Armonk, New York",,51143
INCY,Incyte,Health Care,Biotechnology,"Wilmington, Delaware",28/2/17,879169
IP,International Paper,Materials,Paper Packaging,"Memphis, Tennessee",,51434
IPG,Interpublic Group,Consumer Discretionary,Advertising,"New York, New York",1/10/92,51644
IFF,Intl Flavors & Fragrances,Materials,Specialty Chemicals,"New York, New York",31/3/76,51253
INTU,Intuit Inc.,Information Technology,Internet Software & Services,"Mountain View, California",5/12/00,896878
ISRG,Intuitive Surgical Inc.,Health Care,Health Care Equipment,"Sunnyvale, California",2/6/08,1035267
IVZ,Invesco Ltd.,Financials,Asset Management & Custody Banks,"Atlanta, Georgia",21/8/08,914208
IRM,Iron Mountain Incorporated,Real Estate,Specialized REITs,"Boston, Massachusetts",6/1/09,1020569
JEC,Jacobs Engineering Group,Industrials,Construction & Engineering,"Pasadena, California",26/10/07,52988
JBHT,J. B. Hunt Transport Services,Industrials,Trucking,"Lowell, Arkansas",1/7/15,728535
SJM,JM Smucker,Consumer Staples,Packaged Foods & Meats,"Orrville, Ohio",6/11/08,91419
JNJ,Johnson & Johnson,Health Care,Health Care Equipment,"New Brunswick, New Jersey",30/6/73,200406
JCI,Johnson Controls International,Industrials,Building Products,"Cork, Ireland",27/8/10,833444
JPM,JPMorgan Chase & Co.,Financials,Diversified Banks,"New York, New York",30/6/75,19617
JNPR,Juniper Networks,Information Technology,Communications Equipment,"Sunnyvale, California",,1043604
KSU,Kansas City Southern,Industrials,Railroads,"Kansas City, Missouri",24/5/13,54480
K,Kellogg Co.,Consumer Staples,Packaged Foods & Meats,"Battle Creek, Michigan",,55067
KEY,KeyCorp,Financials,Regional Banks,"Cleveland, Ohio",1/3/94,91576
KMB,Kimberly-Clark,Consumer Staples,Household Products,"Irving, Texas",,55785
KIM,Kimco Realty,Real Estate,Retail REITs,"New Hyde Park, New York",4/4/06,879101
KMI,Kinder Morgan,Energy,Oil & Gas Storage & Transportation,"Houston, Texas",25/5/12,1506307
KLAC,KLA-Tencor Corp.,Information Technology,Semiconductor Equipment,"Milpitas, California",,319201
KSS,Kohl's Corp.,Consumer Discretionary,General Merchandise Stores,"Menomonee Falls, Wisconsin",,885639
KHC,Kraft Heinz Co,Consumer Staples,Packaged Foods & Meats,"Pittsburgh, Pennsylvania",6/7/15,1545158
KR,Kroger Co.,Consumer Staples,Food Retail,"Cincinnati, Ohio",,56873
LB,L Brands Inc.,Consumer Discretionary,Apparel Retail,"Columbus, Ohio",30/9/83,701985
LLL,L-3 Communications Holdings,Industrials,Aerospace & Defense,"New York, New York",,1056239
LH,Laboratory Corp. of America Holding,Health Care,Health Care Services,"Burlington, North Carolina",1/11/04,920148
LRCX,Lam Research,Information Technology,Semiconductor Equipment,"Fremont, California",29/6/12,707549
LEG,Leggett & Platt,Consumer Discretionary,Home Furnishings,"Carthage, Missouri",,58492
LEN,Lennar Corp.,Consumer Discretionary,Homebuilding,"Miami, Florida",4/10/05,920760
LVLT,Level 3 Communications,Telecommunication Services,Alternative Carriers,"Broomfield, Colorado",5/11/14,794323
LUK,Leucadia National Corp.,Financials,Multi-Sector Holdings,"New York, New York",27/8/07,96223
LLY,Lilly (Eli) & Co.,Health Care,Pharmaceuticals,"Indianapolis, Indiana",31/12/70,59478
LNC,Lincoln National,Financials,Multi-line Insurance,"Radnor, Pennsylvania",30/6/76,59558
LKQ,LKQ Corporation,Consumer Discretionary,Distributors,"Chicago, Illinois",23/5/16,1065696
LMT,Lockheed Martin Corp.,Industrials,Aerospace & Defense,"Bethesda, Maryland",31/7/84,936468
L,Loews Corp.,Financials,Multi-line Insurance,"New York, New York",,60086
LOW,Lowe's Cos.,Consumer Discretionary,Home Improvement Retail,"Mooresville, North Carolina",29/2/84,60667
LYB,LyondellBasell,Materials,Specialty Chemicals,"Rotterdam, Netherlands",5/9/12,1489393
MTB,M&T Bank Corp.,Financials,Regional Banks,"Buffalo, New York",,36270
MAC,Macerich,Real Estate,Retail REITs,"Santa Monica, California",9/5/13,912242
M,Macy's Inc.,Consumer Discretionary,Department Stores,"Cincinnati, Ohio",,794367
MNK,Mallinckrodt Plc,Health Care,Pharmaceuticals,"Dublin, Ireland",19/8/14,1567892
MRO,Marathon Oil Corp.,Energy,Oil & Gas Exploration & Production,"Houston, Texas",1/5/91,101778
MPC,Marathon Petroleum,Energy,Oil & Gas Refining & Marketing,"Findlay, Ohio",1/7/11,1510295
MAR,Marriott Int'l.,Consumer Discretionary,"Hotels, Resorts & Cruise Lines","Bethesda, Maryland",,1048286
MMC,Marsh & McLennan,Financials,Insurance Brokers,"New York, New York",31/8/87,62709
MLM,Martin Marietta Materials,Materials,Construction Materials,"Raleigh, North Carolina",2/7/14,916076
MAS,Masco Corp.,Industrials,Building Products,"Taylor, Michigan",30/6/81,62996
MA,Mastercard Inc.,Information Technology,Internet Software & Services,"Harrison, New York",18/7/08,1141391
MAT,Mattel Inc.,Consumer Discretionary,Leisure Products,"El Segundo, California",31/3/82,63276
MKC,McCormick & Co.,Consumer Staples,Packaged Foods & Meats,"Sparks, Maryland",,63754
MCD,McDonald's Corp.,Consumer Discretionary,Restaurants,"Oak Brook, Illinois",30/6/70,63908
MCK,McKesson Corp.,Health Care,Health Care Distributors,"San Francisco, California",,927653
MJN,Mead Johnson,Consumer Staples,Packaged Foods & Meats,"Glenview, Illinois",21/12/09,1452575
MDT,Medtronic plc,Health Care,Health Care Equipment,"Dublin, Ireland",31/10/86,64670
MRK,Merck & Co.,Health Care,Pharmaceuticals,"Whitehouse Station, New Jersey",,310158
MET,MetLife Inc.,Financials,Life & Health Insurance,"New York, New York",,1099219
MTD,Mettler Toledo,Health Care,Life Sciences Tools & Services,"Columbus, Ohio",6/9/16,1037646
KORS,Michael Kors Holdings,Consumer Discretionary,"Apparel, Accessories & Luxury Goods","New York, New York",13/11/13,1530721
MCHP,Microchip Technology,Information Technology,Semiconductors,"Chandler, Arizona",7/9/07,827054
MU,Micron Technology,Information Technology,Semiconductors,"Boise, Idaho",27/9/94,723125
MSFT,Microsoft Corp.,Information Technology,Systems Software,"Redmond, Washington",1/6/94,789019
MAA,Mid-America Apartments,Real Estate,Residential REITs,"Memphis, Tennessee",2/12/16,912595
MHK,Mohawk Industries,Consumer Discretionary,Home Furnishings,"Amsterdam, New York",23/12/13,851968
TAP,Molson Coors Brewing Company,Consumer Staples,Brewers,"Denver, Colorado",30/6/76,24545
MDLZ,Mondelez International,Consumer Staples,Packaged Foods & Meats,"Northfield, Illinois",2/10/12,1103982
MON,Monsanto Co.,Materials,Fertilizers & Agricultural Chemicals,"Creve Coeur, Missouri",7/8/02,1110783
MNST,Monster Beverage,Consumer Staples,Soft Drinks,"Corona, California",28/6/12,865752
MCO,Moody's Corp,Financials,Financial Exchanges & Data,"New York, New York",,1059556
MS,Morgan Stanley,Financials,Investment Banking & Brokerage,"New York, New York",,895421
MOS,The Mosaic Company,Materials,Fertilizers & Agricultural Chemicals,"Plymouth, Minnesota",26/9/11,1285785
MSI,Motorola Solutions Inc.,Information Technology,Communications Equipment,"Schaumburg, Illinois",,68505
MUR,Murphy Oil,Energy,Integrated Oil & Gas,"El Dorado, Arkansas",,717423
MYL,Mylan N.V.,Health Care,Pharmaceuticals,"Amsterdam, Netherlands",23/4/04,69499
NDAQ,"Nasdaq, Inc.",Financials,Financial Exchanges & Data,"New York, New York",22/10/08,1120193
NOV,National Oilwell Varco Inc.,Energy,Oil & Gas Equipment & Services,"Houston, Texas",14/3/05,1021860
NAVI,Navient,Financials,Consumer Finance,"Newark, Delaware",1/5/14,1593538
NTAP,NetApp,Information Technology,Internet Software & Services,"Sunnyvale, California",25/6/99,1002047
NFLX,Netflix Inc.,Information Technology,Internet Software & Services,"Los Gatos, California",20/12/10,1065280
NWL,Newell Brands,Consumer Discretionary,Housewares & Specialties,"Sandy Springs, Georgia",30/4/89,814453
NFX,Newfield Exploration Co,Energy,Oil & Gas Exploration & Production,"Houston, Texas",20/12/10,912750
NEM,Newmont Mining Corp. (Hldg. Co.),Materials,Gold,"Denver, Colorado",30/6/69,1164727
NWSA,News Corp. Class A,Consumer Discretionary,Publishing,"New York, New York",1/8/13,1564708
NWS,News Corp. Class B,Consumer Discretionary,Publishing,"New York, New York",18/9/15,1564708
NEE,NextEra Energy,Utilities,Multi-Utilities,"Juno Beach, Florida",30/6/76,753308
NLSN,Nielsen Holdings,Industrials,Research & Consulting Services,"New York, New York",9/7/13,1492633
NKE,Nike,Consumer Discretionary,"Apparel, Accessories & Luxury Goods","Washington County, Oregon",30/11/88,320187
NI,NiSource Inc.,Utilities,Multi-Utilities,"Merrillville, Indiana",,1111711
NBL,Noble Energy Inc,Energy,Oil & Gas Exploration & Production,"Houston, Texas",8/10/07,72207
JWN,Nordstrom,Consumer Discretionary,Department Stores,"Seattle, Washington",31/8/86,72333
NSC,Norfolk Southern Corp.,Industrials,Railroads,"Norfolk, Virginia",,702165
NTRS,Northern Trust Corp.,Financials,Asset Management & Custody Banks,"Chicago, Illinois",,73124
NOC,Northrop Grumman Corp.,Industrials,Aerospace & Defense,"West Falls Church, Virginia",30/6/85,1133421
NRG,NRG Energy,Utilities,Independent Power Producers & Energy Traders,"Princeton, New Jersey",29/1/10,1013871
NUE,Nucor Corp.,Materials,Steel,"Charlotte, North Carolina",30/4/85,73309
NVDA,Nvidia Corporation,Information Technology,Semiconductors,"Santa Clara, California",30/11/01,1045810
ORLY,O'Reilly Automotive,Consumer Discretionary,Specialty Stores,"Springfield, Missouri",27/3/09,898173
OXY,Occidental Petroleum,Energy,Oil & Gas Exploration & Production,"Los Angeles, California",31/12/82,797468
OMC,Omnicom Group,Consumer Discretionary,Advertising,"New York, New York",,29989
OKE,ONEOK,Energy,Oil & Gas Storage & Transportation,"Tulsa, Oklahoma",15/3/10,1039684
ORCL,Oracle Corp.,Information Technology,Application Software,"Redwood Shores, California",31/8/89,1341439
PCAR,PACCAR Inc.,Industrials,Construction Machinery & Heavy Trucks,"Bellevue, Washington",31/12/80,75362
PH,Parker-Hannifin,Industrials,Industrial Machinery,"Cleveland, Ohio",30/11/85,76334
PDCO,Patterson Companies,Health Care,Health Care Supplies,"St. Paul, Minnesota",11/10/05,891024
PAYX,Paychex Inc.,Information Technology,Internet Software & Services,"Penfield, New York",,723531
PYPL,PayPal,Information Technology,Data Processing & Outsourced Services,"San Jose, California",20/7/15,1633917
PNR,Pentair Ltd.,Industrials,Industrial Machinery,"Worsley, UK",1/10/12,77360
PBCT,People's United Financial,Financials,Thrifts & Mortgage Finance,"Bridgeport, Connecticut",13/11/08,1378946
PEP,PepsiCo Inc.,Consumer Staples,Soft Drinks,"Purchase, New York",,77476
PKI,PerkinElmer,Health Care,Health Care Equipment,"Waltham, Massachusetts",31/5/85,31791
PRGO,Perrigo,Health Care,Pharmaceuticals,"Dublin, Ireland",19/12/11,1585364
PFE,Pfizer Inc.,Health Care,Pharmaceuticals,"New York, New York",,78003
PCG,PG&E Corp.,Utilities,Multi-Utilities,"San Francisco, California",,1004980
PM,Philip Morris International,Consumer Staples,Tobacco,"New York, New York",31/3/08,1413329
PSX,Phillips 66,Energy,Oil & Gas Refining & Marketing,"Houston, Texas",1/5/12,1534701
PNW,Pinnacle West Capital,Utilities,Multi-Utilities,"Phoenix, Arizona",,764622
PXD,Pioneer Natural Resources,Energy,Oil & Gas Exploration & Production,"Irving, Texas",24/9/08,1038357
PNC,PNC Financial Services,Financials,Regional Banks,"Pittsburgh, Pennsylvania",30/4/88,713676
RL,Polo Ralph Lauren Corp.,Consumer Discretionary,"Apparel, Accessories & Luxury Goods","New York, New York",2/2/07,1037038
PPG,PPG Industries,Materials,Specialty Chemicals,"Pittsburgh, Pennsylvania",,79879
PPL,PPL Corp.,Utilities,Electric Utilities,"Allentown, Pennsylvania",,922224
PX,Praxair Inc.,Materials,Industrial Gases,"Danbury, Connecticut",1/7/92,884905
PCLN,Priceline.com Inc,Consumer Discretionary,Internet & Direct Marketing Retail,"Norwalk, Connecticut",6/11/09,1075531
PFG,Principal Financial Group,Financials,Life & Health Insurance,"Des Moines, Iowa",22/7/02,1126328
PG,Procter & Gamble,Consumer Staples,Personal Products,"Cincinnati, Ohio",,80424
PGR,Progressive Corp.,Financials,Property & Casualty Insurance,"Mayfield Village, Ohio",4/8/97,80661
PLD,Prologis,Real Estate,Industrial REITs,"San Francisco, California",17/7/03,1045609
PRU,Prudential Financial,Financials,Life & Health Insurance,"Newark, New Jersey",22/7/02,1137774
PEG,Public Serv. Enterprise Inc.,Utilities,Electric Utilities,"Newark, New Jersey",,788784
PSA,Public Storage,Real Estate,Specialized REITs,"Glendale, California",19/8/05,1393311
PHM,Pulte Homes Inc.,Consumer Discretionary,Homebuilding,"Atlanta, Georgia",30/4/84,822416
PVH,PVH Corp.,Consumer Discretionary,"Apparel, Accessories & Luxury Goods","New York, New York",15/2/13,78239
QRVO,Qorvo,Information Technology,Semiconductors,"Greensboro, North Carolina",11/6/15,1604778
PWR,Quanta Services Inc.,Industrials,Construction & Engineering,"Houston, Texas",1/7/09,1050915
QCOM,QUALCOMM Inc.,Information Technology,Semiconductors,"San Diego, California",,804328
DGX,Quest Diagnostics,Health Care,Health Care Services,"Madison, New Jersey",12/12/02,1022079
RRC,Range Resources Corp.,Energy,Oil & Gas Exploration & Production,"Fort Worth, Texas",21/12/07,315852
RJF,Raymond James Financial Inc.,Financials,Investment Banking & Brokerage,"St. Petersburg, Florida",20/3/17,720005
RTN,Raytheon Co.,Industrials,Aerospace & Defense,"Waltham, Massachusetts",,1047122
O,Realty Income Corporation,Real Estate,Retail REITs,"San Diego, California",7/4/15,726728
RHT,Red Hat Inc.,Information Technology,Systems Software,"Raleigh, North Carolina",27/7/09,1087423
REG,Regency Centers Corporation,Real Estate,Retail REITs,"Jacksonville, Florida",2/3/17,910606
REGN,Regeneron,Health Care,Biotechnology,"Tarrytown, New York",1/5/13,872589
RF,Regions Financial Corp.,Financials,Regional Banks,"Birmingham, Alabama",28/8/98,1281761
RSG,Republic Services Inc,Industrials,Environmental & Facilities Services,"Phoenix, Arizona",5/12/08,1060391
RAI,Reynolds American Inc.,Consumer Staples,Tobacco,"Winston-Salem, North Carolina",,1275283
RHI,Robert Half International,Industrials,Human Resource & Employment Services,"Menlo Park, California",5/12/00,315213
ROK,Rockwell Automation Inc.,Industrials,Electrical Components & Equipment,"Milwaukee, Wisconsin",,1024478
COL,Rockwell Collins,Industrials,Aerospace & Defense,"Cedar Rapids, Iowa",2/7/01,1137411
ROP,Roper Technologies,Industrials,Industrial Conglomerates,"Sarasota, Florida",23/12/09,882835
ROST,Ross Stores,Consumer Discretionary,Apparel Retail,"Pleasanton, California",21/12/09,745732
RCL,Royal Caribbean Cruises Ltd,Consumer Discretionary,"Hotels, Resorts & Cruise Lines","Miami, Florida",5/12/14,884887
R,Ryder System,Industrials,Trucking,"Miami, Florida",31/12/82,85961
CRM,Salesforce.com,Information Technology,Internet Software & Services,"San Francisco, California",15/9/08,1108524
SCG,SCANA Corp,Utilities,Multi-Utilities,"Cayce, South Carolina",2/1/09,754737
SLB,Schlumberger Ltd.,Energy,Oil & Gas Equipment & Services,"Curaçao, Kingdom of the Netherlands",31/3/65,87347
SNI,Scripps Networks Interactive Inc.,Consumer Discretionary,Cable & Satellite,"Cincinnati, Ohio",1/7/08,1430602
STX,Seagate Technology,Information Technology,"Technology Hardware, Storage & Peripherals","Dublin, Ireland",2/7/12,1137789
SEE,Sealed Air,Materials,Paper Packaging,"Elmwood Park, New Jersey",,1012100
SRE,Sempra Energy,Utilities,Multi-Utilities,"San Diego, California",,1032208
SHW,Sherwin-Williams,Materials,Specialty Chemicals,"Cleveland, Ohio",30/6/64,89800
SIG,Signet Jewelers,Consumer Discretionary,Specialty Stores,"Hamilton, Bermuda",29/7/15,832988
SPG,Simon Property Group Inc,Real Estate,Retail REITs,"Indianapolis, Indiana",26/6/02,1063761
SWKS,Skyworks Solutions,Information Technology,Semiconductors,"Woburn, Massachusetts",12/3/15,4127
SLG,SL Green Realty,Real Estate,Office REITs,"New York, New York",20/3/15,1040971
SNA,Snap-On Inc.,Consumer Discretionary,Household Appliances,"Kenosha, Wisconsin",30/9/82,91440
SO,Southern Co.,Utilities,Electric Utilities,"Atlanta, Georgia",,92122
LUV,Southwest Airlines,Industrials,Airlines,"Dallas, Texas",1/7/94,92380
SPGI,"S&P Global, Inc.",Financials,Financial Exchanges & Data,"New York, New York",,64040
SWK,Stanley Black & Decker,Consumer Discretionary,Household Appliances,"New Britain, Connecticut",30/9/82,93556
SPLS,Staples Inc.,Consumer Discretionary,Specialty Stores,"Framingham, Massachusetts",7/10/98,791519
SBUX,Starbucks Corp.,Consumer Discretionary,Restaurants,"Seattle, Washington",,829224
STT,State Street Corp.,Financials,Asset Management & Custody Banks,"Boston, Massachusetts",,93751
SRCL,Stericycle Inc,Industrials,Environmental & Facilities Services,"Lake Forest, Illinois",19/11/08,861878
SYK,Stryker Corp.,Health Care,Health Care Equipment,"Kalamazoo, Michigan",12/12/00,310764
STI,SunTrust Banks,Financials,Regional Banks,"Atlanta, Georgia",31/5/88,750556
SYMC,Symantec Corp.,Information Technology,Application Software,"Mountain View, California",25/3/03,849399
SYF,Synchrony Financial,Financials,Consumer Finance,"Stamford, Connecticut",18/11/15,1601712
SNPS,Synopsys Inc.,Information Technology,Application Software,"Mountain View, California",16/3/17,883241
SYY,Sysco Corp.,Consumer Staples,Food Distributors,"Houston, Texas",31/12/86,96021
TROW,T. Rowe Price Group,Financials,Asset Management & Custody Banks,"Baltimore, Maryland",,1113169
TGT,Target Corp.,Consumer Discretionary,General Merchandise Stores,"Minneapolis, Minnesota",31/12/76,27419
TEL,TE Connectivity Ltd.,Information Technology,Electronic Manufacturing Services,"Schaffhausen, Switzerland",17/10/11,1385157
TGNA,"Tegna, Inc.",Consumer Discretionary,Publishing,"McLean, Virginia",31/12/75,39899
TDC,Teradata Corp.,Information Technology,Application Software,"Miamisburg, Ohio",1/10/07,816761
TSO,Tesoro Petroleum Co.,Energy,Oil & Gas Refining & Marketing,"San Antonio, Texas",27/9/07,50104
TXN,Texas Instruments,Information Technology,Semiconductors,"Dallas, Texas",,97476
TXT,Textron Inc.,Industrials,Aerospace & Defense,"Providence, Rhode Island",31/12/78,217346
COO,The Cooper Companies,Health Care,Health Care Supplies,"Pleasanton, California",23/9/16,711404
HSY,The Hershey Company,Consumer Staples,Packaged Foods & Meats,"Hershey, Pennsylvania",,47111
TRV,The Travelers Companies Inc.,Financials,Property & Casualty Insurance,"New York, New York",21/8/02,86312
TMO,Thermo Fisher Scientific,Health Care,Health Care Equipment,"Waltham, Massachusetts",,97745
TIF,Tiffany & Co.,Consumer Discretionary,"Apparel, Accessories & Luxury Goods","New York, New York",21/6/00,98246
TWX,Time Warner Inc.,Consumer Discretionary,Cable & Satellite,"New York, New York",,1105705
TJX,TJX Companies Inc.,Consumer Discretionary,Apparel Retail,"Framingham, Massachusetts",30/9/85,109198
TMK,Torchmark Corp.,Financials,Life & Health Insurance,"McKinney, Texas",30/4/89,320335
TSS,Total System Services,Information Technology,Internet Software & Services,"Columbus, Georgia",2/1/08,721683
TSCO,Tractor Supply Company,Consumer Discretionary,Specialty Stores,"Brentwood, Tennessee",24/1/14,916365
TDG,TransDigm Group,Industrials,Aerospace & Defense,"Cleveland, Ohio",3/6/16,1260221
RIG,Transocean,Energy,Oil & Gas Drilling,"Vernier, Switzerland",29/10/13,1451505
TRIP,TripAdvisor,Consumer Discretionary,Internet & Direct Marketing Retail,"Newton, Massachusetts",21/12/11,1526520
FOXA,Twenty-First Century Fox Class A,Consumer Discretionary,Publishing,"New York, New York",1/7/13,1308161
FOX,Twenty-First Century Fox Class B,Consumer Discretionary,Publishing,"New York, New York",18/9/15,1308161
TSN,Tyson Foods,Consumer Staples,Packaged Foods & Meats,"Springdale, Arkansas",,100493
UDR,UDR Inc,Real Estate,Residential REITs,"Highlands Ranch, Colorado",7/3/16,74208
ULTA,Ulta Salon Cosmetics & Fragrance Inc,Consumer Discretionary,Specialty Stores,"Bolingbrook, Illinois",18/4/16,1403568
USB,U.S. Bancorp,Financials,Diversified Banks,"Minneapolis, Minnesota",,36104
UA,Under Armour,Consumer Discretionary,"Apparel, Accessories & Luxury Goods","Baltimore, Maryland",1/5/14,1336917
UAA,Under Armour,Consumer Discretionary,"Apparel, Accessories & Luxury Goods","Baltimore, Maryland",25/3/16,1336917
UNP,Union Pacific,Industrials,Railroads,"Omaha, Nebraska",,100885
UAL,United Continental Holdings,Industrials,Airlines,"Chicago, Illinois",3/9/15,100517
UNH,United Health Group Inc.,Health Care,Managed Health Care,"Minnetonka, Minnesota",1/7/94,731766
UPS,United Parcel Service,Industrials,Air Freight & Logistics,"Atlanta, Georgia",22/7/02,1090727
URI,"United Rentals, Inc.",Industrials,Trading Companies & Distributors,"Stamford, Connecticut",20/9/14,1067701
UTX,United Technologies,Industrials,Aerospace & Defense,"Hartford, Connecticut",,101829
UHS,"Universal Health Services, Inc.",Health Care,Health Care Facilities,"King of Prussia, Pennsylvania",20/9/14,352915
UNM,Unum Group,Financials,Life & Health Insurance,"Chattanooga, Tennessee",1/3/94,5513
VFC,V.F. Corp.,Consumer Discretionary,"Apparel, Accessories & Luxury Goods","Greensboro, North Carolina",30/6/79,103379
VLO,Valero Energy,Energy,Oil & Gas Refining & Marketing,"San Antonio, Texas",,1035002
VAR,Varian Medical Systems,Health Care,Health Care Equipment,"Palo Alto, California",12/2/07,203527
VTR,Ventas Inc,Real Estate,Health Care REITs,"Chicago, Illinois",4/3/09,740260
VRSN,Verisign Inc.,Information Technology,Internet Software & Services,"Dulles, Virginia",1/2/06,1014473
VRSK,Verisk Analytics,Industrials,Research & Consulting Services,"Jersey City, New Jersey",8/10/15,1442145
VZ,Verizon Communications,Telecommunication Services,Integrated Telecommunication Services,"New York, New York",30/11/83,732712
VRTX,Vertex Pharmaceuticals Inc,Health Care,Biotechnology,"Cambridge, Massachusetts",23/9/13,875320
VIAB,Viacom Inc.,Consumer Discretionary,Cable & Satellite,"New York, New York",,1339947
V,Visa Inc.,Information Technology,Internet Software & Services,"San Francisco, California",21/12/09,1403161
VNO,Vornado Realty Trust,Real Estate,Office REITs,"New York, New York",,899689
VMC,Vulcan Materials,Materials,Construction Materials,"Birmingham, Alabama",30/6/99,1396009
WMT,Wal-Mart Stores,Consumer Staples,Hypermarkets & Super Centers,"Bentonville, Arkansas",31/8/82,104169
WBA,Walgreens Boots Alliance,Consumer Staples,Drug Retail,"Deerfield, Illinois",31/12/79,1618921
DIS,The Walt Disney Company,Consumer Discretionary,Cable & Satellite,"Burbank, California",30/6/76,1001039
WM,Waste Management Inc.,Industrials,Environmental & Facilities Services,"Houston, Texas",,823768
WAT,Waters Corporation,Health Care,Health Care Distributors,"Milford, Massachusetts",,1000697
WEC,Wec Energy Group Inc,Utilities,Electric Utilities,"Milwaukee, Wisconsin",31/10/08,783325
WFC,Wells Fargo,Financials,Diversified Banks,"San Francisco, California",30/6/76,72971
HCN,Welltower Inc.,Real Estate,Health Care REITs,"Toledo, Ohio",30/1/09,766704
WDC,Western Digital,Information Technology,"Technology Hardware, Storage & Peripherals","Irvine, California",1/7/09,106040
WU,Western Union Co,Information Technology,Internet Software & Services,"Englewood, Colorado",,1365135
WRK,WestRock Company,Materials,Paper Packaging,"Richmond, Virginia",,1636023
WY,Weyerhaeuser Corp.,Real Estate,Specialized REITs,"Federal Way, Washington",,106535
WHR,Whirlpool Corp.,Consumer Discretionary,Household Appliances,"Benton Harbor, Michigan",,106640
WFM,Whole Foods Market,Consumer Staples,Food Retail,"Austin, Texas",,865436
WMB,Williams Cos.,Energy,Oil & Gas Storage & Transportation,"Tulsa, Oklahoma",31/3/75,107263
WLTW,Willis Towers Watson,Financials,Insurance Brokers,"London, United Kingdom",5/1/16,1140536
WYN,Wyndham Worldwide,Consumer Discretionary,"Hotels, Resorts & Cruise Lines","Parsippany, New Jersey",,1361658
WYNN,Wynn Resorts Ltd,Consumer Discretionary,Casinos & Gaming,"Las Vegas, Nevada",14/11/08,1174922
XEL,Xcel Energy Inc,Utilities,Multi-Utilities,"Minneapolis, Minnesota",,72903
XRX,Xerox Corp.,Information Technology,"Technology Hardware, Storage & Peripherals","Norwalk, Connecticut",,108772
XLNX,Xilinx Inc,Information Technology,Semiconductors,"San Jose, California",8/11/99,743988
XL,XL Capital,Financials,Property & Casualty Insurance,"Hamilton, Bermuda",,875159
XYL,Xylem Inc.,Industrials,Industrial Machinery,"White Plains, New York",1/11/11,1524472
YHOO,Yahoo Inc.,Information Technology,Internet Software & Services,"Sunnyvale, California",8/12/99,1011006
YUM,Yum! Brands Inc,Consumer Discretionary,Restaurants,"Louisville, Kentucky",6/10/97,1041061
ZBH,Zimmer Biomet Holdings,Health Care,Health Care Equipment,"Warsaw, Indiana",7/8/01,1136869
ZION,Zions Bancorp,Financials,Regional Banks,"Salt Lake City, Utah",,109380
ZTS,Zoetis,Health Care,Pharmaceuticals,"Florham Park, New Jersey",21/6/13,1555280